{
    "anchors": [
        1,
        14,
        35,
        53,
        54,
        55,
        65,
        76,
        79,
        80,
        91,
        97,
        103,
        104,
        107,
        136,
        156,
        163,
        196,
        198,
        203,
        204,
        214,
        237,
        243,
        276,
        280,
        331,
        341,
        342,
        347,
        348,
        355,
        399,
        456,
        457,
        474,
        501,
        523,
        542,
        571,
        591,
        605,
        612,
        616,
        638,
        658,
        687,
        697,
        703,
        720,
        734,
        739,
        796,
        797,
        829,
        846,
        860
    ],
    "handles": [
        694,
        653,
        600,
        685,
        635,
        630,
        592,
        499,
        495,
        519,
        448,
        573,
        517,
        338,
        302,
        359,
        464,
        439,
        543,
        544,
        408,
        379,
        326,
        255,
        246,
        245,
        264,
        332,
        467,
        585,
        633,
        570,
        556,
        361,
        500,
        459,
        502,
        699,
        551,
        469,
        351,
        636,
        525
    ],
    "transformation": [
        0.5058216452598572,
        -0.8576450347900391,
        0.09283772855997086,
        0.18719367682933807,
        0.8318541049957275,
        0.45643413066864014,
        -0.31577008962631226,
        -0.041204147040843964,
        0.22844168543815613,
        0.2369495928287506,
        0.9442934393882751,
        -0.06883660703897476,
        0.0,
        0.0,
        0.0,
        1.0
    ]
}