{
    "anchors": [
        0,
        1,
        5,
        10,
        14,
        26,
        30,
        38,
        42,
        81,
        82,
        86,
        94,
        98,
        122,
        126,
        134,
        138,
        139,
        142,
        146,
        150,
        186,
        190,
        198,
        202,
        240,
        241,
        243,
        244,
        249,
        250,
        252,
        253
    ],
    "handles": [
        3,
        83,
        288,
        140,
        221,
        44,
        227,
        100,
        117,
        16,
        275,
        128,
        169,
        32,
        266,
        88,
        89,
        7,
        287,
        136,
        217,
        40,
        230,
        96,
        113,
        12,
        278,
        124,
        181,
        28,
        257,
        84,
        2,
        137
    ],
    "transformation": [
        1.0000008344650269,
        0.0,
        0.0,
        -0.04962689429521561,
        0.0,
        1.0000008344650269,
        0.0,
        -0.16150322556495667,
        0.0,
        0.0,
        1.0000008344650269,
        0.33225002884864807,
        0.0,
        0.0,
        0.0,
        1.0
    ]
}